{"cameraMode":{"drawMode":0,"name":"Shaded","section":"Shading Mode"},"sceneLighting":true,"audioPlay":false,"sceneViewState":{"showFog":false,"showMaterialUpdate":false,"showSkybox":false,"showFlares":false,"showImageEffects":false,"showParticleSystems":true},"in2DMode":false,"pivot":{"x":55.662620544433597,"y":-85.53079986572266,"z":135.5417022705078},"rotation":{"x":-0.2514456510543823,"y":-0.19806253910064698,"z":0.05264845862984657,"w":-0.945925235748291},"size":191.8457489013672,"orthographic":false}